{"loss": [1.3237948417663574, 0.42433008551597595, 0.257413774728775, 0.1781807541847229, 0.1344640851020813, 0.1062229797244072, 0.08646151423454285, 0.07150884717702866, 0.05900083854794502, 0.05715421587228775], "accuracy": [0.6110644340515137, 0.8673746585845947, 0.9172586798667908, 0.9423999786376953, 0.9557393789291382, 0.9654627442359924, 0.9715985655784607, 0.9766097664833069, 0.980567455291748, 0.9818772077560425], "val_loss": [0.4816214144229889, 0.33778515458106995, 0.2280762642621994, 0.15536212921142578, 0.20542554557323456, 0.15081126987934113, 0.10989201813936234, 0.11951512843370438, 0.1312151849269867, 0.1272946298122406], "val_accuracy": [0.8476391434669495, 0.8900153636932373, 0.9275502562522888, 0.9509597420692444, 0.9372899532318115, 0.9537506699562073, 0.9665091037750244, 0.9671925902366638, 0.9596172571182251, 0.9653129577636719]}